City_ID,City,Lat,Lng,Max Temp,Humidity,Cloudiness,Wind Speed,Country,Date
0,bilibino,68.0546,166.4372,246.61,96,99,1.53,RU,1710278593
1,luderitz,-26.6481,15.1594,293.59,65,97,8.25,NA,1710278593
2,alaghsas,17.0187,8.0168,302.97,8,59,5.22,NE,1710278594
3,adamstown,-25.066,-130.1015,298.83,76,86,3.06,PN,1710278594
4,edinburgh of the seven seas,-37.0676,-12.3116,290.22,70,100,5.83,SH,1710278594
5,cabo san lucas,22.8909,-109.9124,301.82,41,20,2.57,MX,1710278594
6,blackmans bay,-43.0167,147.3167,284.55,75,21,0.98,AU,1710278594
7,port-aux-francais,-49.35,70.2167,278.46,73,23,16.94,TF,1710278594
8,georgetown,5.4112,100.3354,300.11,81,20,2.06,MY,1710278595
9,punta arenas,-53.15,-70.9167,287.21,38,40,8.75,CL,1710278595
10,yellowknife,62.456,-114.3525,261.71,96,100,8.23,CA,1710278595
11,waitangi,-43.9535,-176.5597,288.61,75,100,2.24,NZ,1710278595
12,pimentel,-6.8367,-79.9342,300.31,65,0,8.75,PE,1710278595
13,vilyuchinsk,52.9306,158.4028,263.3,85,16,4.17,RU,1710278595
14,progreso,21.2833,-89.6667,305.21,79,59,6.29,MX,1710278596
15,hasaki,35.7333,140.8333,280.37,61,100,8.09,JP,1710278596
16,puerto baquerizo moreno,-0.9,-89.6,298.7,94,100,5.14,EC,1710278596
17,mogadishu,2.0371,45.3438,300.97,79,0,5.43,SO,1710278596
18,kingston,17.997,-76.7936,303.8,65,40,9.26,JM,1710278596
19,college,64.8569,-147.8028,259.15,58,75,1.54,US,1710278597
20,muang xay,20.7,101.9833,292.92,75,46,1.04,LA,1710278597
21,mitu,1.1983,-70.1733,302.8,71,81,1.2,CO,1710278597
22,shindand,33.3029,62.1474,276.98,72,1,7.95,AF,1710278597
23,hamilton,39.1834,-84.5333,293.5,31,75,4.63,US,1710278597
24,iqaluit,63.7506,-68.5145,251.31,69,20,0.0,CA,1710278597
25,jamestown,42.097,-79.2353,290.11,51,0,5.14,US,1710278598
26,puerto ayora,-0.7393,-90.3518,303.13,89,88,1.79,EC,1710278598
27,constantia,44.1833,28.65,280.76,98,100,5.37,RO,1710278598
28,revda,56.801,59.9303,253.81,100,84,1.3,RU,1710278598
29,udachny,66.4167,112.4,238.65,100,80,1.28,RU,1710278330
30,ushuaia,-54.8,-68.3,284.96,47,0,4.12,AR,1710278510
31,kavaratti,10.5669,72.642,300.92,73,24,3.51,IN,1710278599
32,sechura,-5.5569,-80.8222,301.56,59,34,6.47,PE,1710278599
33,port mathurin,-19.6833,63.4167,299.64,83,42,9.87,MU,1710278599
34,mazamari,-11.3258,-74.5308,302.35,72,66,0.35,PE,1710278599
35,zhoukou,33.6333,114.6333,281.01,55,100,3.27,CN,1710278599
36,bethel,41.3712,-73.414,290.38,34,0,4.63,US,1710278599
37,praia da vitoria,38.7333,-27.0667,289.68,82,20,3.86,PT,1710278600
38,smithers,54.7804,-127.1743,279.33,61,40,4.63,CA,1710278600
39,san patricio,28.017,-97.5169,300.12,62,98,5.81,US,1710278600
40,port elizabeth,-33.918,25.5701,294.87,80,0,7.2,ZA,1710278375
41,olonkinbyen,70.9221,-8.7187,271.73,91,100,3.62,SJ,1710278600
42,stanley,54.868,-1.6985,283.92,89,75,3.6,GB,1710278600
43,pariang,54.868,-1.6985,283.92,89,75,3.6,GB,1710278600
44,haiku-pauwela,20.9219,-156.3051,299.28,66,20,4.02,US,1710278601
45,fale old settlement,-9.3852,-171.2468,302.85,73,48,5.5,TK,1710278601
46,holualoa,19.6228,-155.9522,298.58,75,100,3.09,US,1710278601
47,atafu village,-8.5421,-172.5159,302.8,76,35,5.01,TK,1710278601
48,coquimbo,-29.9533,-71.3436,295.0,64,0,6.69,CL,1710278601
49,pisco,-13.7,-76.2167,299.18,61,0,10.29,PE,1710278602
50,balingasag,8.7442,124.7769,298.31,80,70,1.18,PH,1710278602
51,afaahiti,-17.75,-149.2833,303.08,82,100,7.07,PF,1710278602
52,al ghayzah,16.2079,52.176,298.75,80,27,2.49,YE,1710278565
53,hawaiian paradise park,19.5933,-154.9731,297.61,87,100,2.57,US,1710278602
54,stanwood,48.2412,-122.3707,283.82,93,100,3.09,US,1710278598
55,grytviken,-54.2811,-36.5092,278.33,81,30,4.22,GS,1710278603
56,vilhena,-12.7406,-60.1458,301.27,78,40,4.63,BR,1710278603
57,richards bay,-28.783,32.0377,300.86,65,100,3.7,ZA,1710278603
58,quinhamel,11.8833,-15.85,299.98,51,50,4.95,GW,1710278603
59,papao,-17.75,-149.55,303.97,78,100,6.51,PF,1710278603
60,tucupita,9.0622,-62.051,307.97,34,31,4.31,VE,1710278603
61,iskateley,67.6803,53.1512,267.6,80,100,8.49,RU,1710278604
62,upington,-28.4478,21.2561,302.36,15,33,3.09,ZA,1710278604
63,villa alberto andres alvarado aramburo,-28.4478,21.2561,302.36,15,33,3.09,ZA,1710278604
64,cova figueira,14.8905,-24.2934,294.1,74,59,5.75,CV,1710278604
65,chaman,30.9236,66.4512,283.08,78,77,4.8,PK,1710278604
66,margaret river,-33.95,115.0667,288.25,91,6,4.73,AU,1710278604
67,buncrana,55.1333,-7.45,286.02,92,100,7.29,IE,1710278605
68,puerto natales,-51.7236,-72.4875,288.4,38,75,12.35,CL,1710278547
69,talnakh,69.4865,88.3972,252.15,97,100,7.21,RU,1710278605
70,vastervik,69.4865,88.3972,252.15,97,100,7.21,RU,1710278605
71,safi,32.1667,-8.8333,287.82,66,92,1.73,MA,1710278605
72,vadso,70.0744,29.7487,267.64,63,75,4.63,NO,1710278604
73,lebu,-37.6167,-73.65,289.3,79,36,4.49,CL,1710278605
74,portland,45.5234,-122.6762,285.17,75,75,3.6,US,1710278438
75,papatowai,-46.5619,169.4708,284.17,63,51,6.21,NZ,1710278606
76,longyearbyen,78.2186,15.6401,263.06,67,75,8.23,SJ,1710278606
77,oranjemund,-28.55,16.4333,290.04,92,77,4.44,NA,1710278606
78,port blair,11.6667,92.75,298.0,79,100,2.98,IN,1710278606
79,inirida,3.8653,-67.9239,303.93,65,98,0.92,CO,1710278607
80,saipan,15.1355,145.701,299.54,83,75,4.63,MP,1710278607
81,isle of lewis,15.1355,145.701,299.54,83,75,4.63,MP,1710278607
82,east london,-33.0153,27.9116,296.2,84,98,5.36,ZA,1710278607
83,kapa'a,22.0752,-159.319,300.14,78,75,6.17,US,1710278607
84,daru,-9.0763,143.2092,298.8,85,100,6.21,PG,1710278607
85,howrah,22.5892,88.3103,300.15,83,40,3.6,IN,1710278608
86,lindi,-10.0,39.7167,297.36,94,43,0.86,TZ,1710278608
87,west island,-12.1568,96.8225,297.14,94,100,0.0,CC,1710278608
88,oakhurst,40.2709,-74.0163,292.28,32,0,7.72,US,1710278608
89,tegueste,28.5167,-16.3167,290.97,80,40,1.03,ES,1710278608
90,amga,60.8953,131.9608,258.23,98,100,1.24,RU,1710278609
91,albany,42.6001,-73.9662,287.07,34,3,1.79,US,1710278609
92,alipur duar,42.6001,-73.9662,287.07,34,3,1.79,US,1710278609
93,kirando,-7.4167,30.6,296.41,84,52,2.63,TZ,1710278609
94,tiksi,71.6872,128.8694,252.91,99,100,2.11,RU,1710278609
95,sao felix do xingu,-6.6447,-51.995,302.42,74,51,0.91,BR,1710278610
96,wailua homesteads,22.0669,-159.378,299.39,78,75,6.17,US,1710278610
97,hermanus,-34.4187,19.2345,290.26,82,46,1.66,ZA,1710278610
98,touros,-5.1989,-35.4608,301.29,77,42,2.81,BR,1710278555
99,kattivakkam,13.2167,80.3167,300.2,76,1,4.07,IN,1710278610
100,kachia,9.8667,7.95,301.42,44,100,2.08,NG,1710278610
101,oriximina,-1.7656,-55.8661,303.28,70,96,1.75,BR,1710278611
102,al jawf,29.5,38.75,289.72,23,0,5.85,SA,1710278611
103,port alfred,-33.5906,26.891,293.81,95,99,1.34,ZA,1710278611
104,tura,25.5198,90.2201,291.81,38,1,2.17,IN,1710278611
105,anadyr,64.75,177.4833,250.43,77,20,3.0,RU,1710278611
106,lichinga,-13.3128,35.2406,293.2,88,40,2.06,MZ,1710278611
107,ancud,-41.8697,-73.8203,287.61,76,79,5.45,CL,1710278612
108,fort st. john,56.2499,-120.8529,272.09,69,75,2.57,CA,1710278612
109,nar'yan-mar,67.6713,53.087,267.65,80,100,8.49,RU,1710278612
110,hashtrud,37.4779,47.0508,276.95,51,27,0.62,IR,1710278612
111,tsiombe,-25.3,45.4833,299.75,70,100,2.75,MG,1710278612
112,tangping,22.0265,111.9323,289.9,77,81,2.22,CN,1710278613
113,mount pearl,47.5166,-52.7813,276.33,90,75,2.06,CA,1710278613
114,whitehorse,60.7161,-135.0538,273.72,51,75,7.2,CA,1710278530
115,banff,51.1762,-115.5698,279.72,42,93,4.12,CA,1710278417
116,chibougamau,49.9168,-74.3659,268.94,86,100,3.09,CA,1710278613
117,xining,36.6167,101.7667,273.15,43,6,0.21,CN,1710278614
118,tofol,5.3248,163.0078,300.64,86,100,9.5,FM,1710278614
119,tanumah,27.1,44.1333,289.64,22,17,4.61,SA,1710278614
120,walvis bay,-22.9575,14.5053,293.68,73,66,1.03,NA,1710278404
121,mount isa,-20.7333,139.5,291.02,82,0,0.0,AU,1710278614
122,russkaya polyana,49.417,31.9201,275.62,61,100,5.71,UA,1710278580
123,novoishimskiy,53.1981,66.7694,259.9,98,98,1.52,KZ,1710278614
124,tazovsky,67.4667,78.7,253.11,88,100,9.16,RU,1710278370
125,mana,5.6592,-53.7767,300.99,78,87,4.64,GF,1710278615
126,timimoun,29.2639,0.231,293.36,22,0,5.66,DZ,1710278615
127,susuman,62.7833,148.1667,243.14,100,98,0.45,RU,1710278615
128,amalapuram,16.5833,82.0167,296.67,90,10,0.8,IN,1710278615
129,anaconda,46.1285,-112.9423,280.7,53,89,5.0,US,1710278615
130,am timan,11.0297,20.2827,306.22,16,58,1.42,TD,1710278616
131,bardai,11.65,7.2333,303.6,11,100,3.79,NG,1710278616
132,djambala,-2.5447,14.7533,297.91,70,43,0.92,CG,1710278616
133,margate,51.3813,1.3862,284.75,93,100,3.58,GB,1710278616
134,enewetak,11.3474,162.3373,299.87,76,100,10.14,MH,1710278616
135,vuktyl,63.8567,57.3094,258.28,97,100,4.51,RU,1710278616
136,prado,-17.3411,-39.2208,299.22,88,42,3.28,BR,1710278617
137,tromso,69.6496,18.957,272.16,74,75,6.69,NO,1710278497
138,sawang daen din,17.4753,103.4575,298.2,100,60,1.91,TH,1710278617
139,qaqortoq,60.7167,-46.0333,265.12,94,19,1.28,GL,1710278617
140,argo,37.6333,22.7333,285.25,72,79,2.32,GR,1710278338
141,akyurt,40.1351,33.0861,284.89,61,75,1.54,TR,1710278617
142,tokar,18.4254,37.729,298.11,82,11,3.82,SD,1710278617
143,puerto real,36.5282,-6.1901,289.24,48,0,6.17,ES,1710278445
144,invercargill,-46.4,168.35,284.27,82,95,2.68,NZ,1710278618
145,winthrop harbor,42.4789,-87.8237,294.71,46,0,9.77,US,1710278618
146,fortuna,40.5982,-124.1573,286.29,91,75,5.66,US,1710278618
147,ilulissat,69.2167,-51.1,262.16,92,75,1.03,GL,1710278618
148,aykhal,66.0,111.5,242.35,100,67,0.23,RU,1710278597
149,outjo,-20.1167,16.15,297.57,46,94,3.93,NA,1710278619
150,paka,4.6374,103.4368,296.11,94,94,0.0,MY,1710278619
151,crane,31.3974,-102.3501,299.05,14,100,3.97,US,1710278619
152,nagqu,31.5,92.0,265.27,47,10,1.66,CN,1710278619
153,codrington,-38.2667,141.9667,287.19,84,100,4.35,AU,1710278620
154,ketchikan,55.3422,-131.6461,279.41,87,100,4.63,US,1710278620
155,kodiak,57.79,-152.4072,271.88,51,100,6.17,US,1710278620
156,sitka,57.0531,-135.33,277.09,81,100,5.14,US,1710278620
157,selfoss,63.9331,-20.9971,277.62,96,100,4.68,IS,1710278620
158,thompson,55.7435,-97.8558,266.24,86,100,3.6,CA,1710278620
159,ravar,31.2656,56.8055,282.77,52,0,0.5,IR,1710278513
160,rio grande,-32.035,-52.0986,300.21,79,100,7.58,BR,1710278621
161,kirillov,59.863,38.3813,268.7,93,100,2.4,RU,1710278621
162,areado,-21.3586,-46.1456,299.35,62,29,2.29,BR,1710278621
163,vernon,50.2581,-119.2691,286.35,59,94,1.54,CA,1710278621
164,bredasdorp,-34.5322,20.0403,291.58,78,11,0.62,ZA,1710278622
165,faya-largeau,17.9257,19.1043,300.84,8,19,2.85,TD,1710278622
166,noumea,-22.2763,166.4572,300.14,99,99,5.41,NC,1710278622
167,talgram,27.05,79.65,293.23,33,0,3.2,IN,1710278622
168,kimbe,-5.5502,150.1429,298.27,94,100,1.49,PG,1710278622
169,sidi ifni,29.3797,-10.173,290.01,86,24,1.6,MA,1710278623
170,isafjordur,66.0755,-23.124,275.09,92,100,4.19,IS,1710278623
171,tshabong,-26.05,22.45,302.14,27,88,3.64,BW,1710278623
172,ejido benito juarez,-26.05,22.45,302.14,27,88,3.64,BW,1710278623
173,gargalianoi,37.0667,21.6333,283.9,80,21,5.28,GR,1710278623
174,acarau,-2.8856,-40.12,300.71,81,55,4.27,BR,1710278623
175,taiohae,-2.8856,-40.12,300.71,81,55,4.27,BR,1710278623
176,reggane,26.7158,0.1714,297.16,17,100,3.64,DZ,1710278624
177,avarua,-21.2078,-159.775,301.18,83,75,4.12,CK,1710278624
178,port douglas,-16.4833,145.4667,297.8,81,73,2.25,AU,1710278624
179,taulaga,-11.0553,-171.0883,302.52,75,79,3.17,AS,1710278624
180,savanna-la-mar,18.219,-78.1332,301.8,62,25,1.72,JM,1710278624
181,lethem,3.3803,-59.7968,307.38,39,93,5.77,GY,1710278624
182,lata,40.1629,-8.3327,284.77,85,100,1.17,PT,1710278625
183,tazacorte,28.629,-17.9293,292.69,83,20,1.03,ES,1710278415
184,ust-nera,64.5667,143.2,240.36,98,68,1.24,RU,1710278625
185,greenville,35.6127,-77.3663,296.24,20,0,4.63,US,1710278625
186,arkalyk,50.2486,66.9114,264.3,96,96,5.7,KZ,1710278625
187,qalat,32.1058,66.9083,280.72,84,100,0.72,AF,1710278625
188,ribeira grande,38.5167,-28.7,289.69,88,40,6.26,PT,1710278626
189,okhotsk,59.3833,143.3,251.1,88,54,4.08,RU,1710278626
190,port saint john's,-31.6229,29.5448,298.23,76,100,5.28,ZA,1710278626
191,nuuk,64.1835,-51.7216,268.49,100,100,3.6,GL,1710278626
192,seydi,39.4816,62.9137,279.39,50,4,2.43,TM,1710278626
193,khovd,48.0056,91.6419,271.14,44,66,0.8,MN,1710278626
194,hithadhoo,-0.6,73.0833,301.08,66,51,1.02,MV,1710278627
195,arraial do cabo,-22.9661,-42.0278,299.13,73,75,3.6,BR,1710278627
196,mount gambier,-37.8333,140.7667,286.99,88,100,3.78,AU,1710278627
197,vila franca do campo,37.7167,-25.4333,289.38,90,61,3.48,PT,1710278627
198,tataouine,32.9297,10.4518,287.18,50,0,2.27,TN,1710278627
199,campos belos,-13.0367,-46.7717,300.09,71,57,1.04,BR,1710278628
200,ha giang,22.8333,104.9833,290.6,92,40,0.84,VN,1710278628
201,rikaze,29.25,88.8833,273.73,48,0,1.56,CN,1710278628
202,esquel,-42.9,-71.3167,285.84,56,45,5.03,AR,1710278628
203,zag,46.9441,99.165,252.75,93,48,1.47,MN,1710278628
204,stockerau,48.383,16.1996,283.05,88,100,4.12,AT,1710278629
205,hilo,19.7297,-155.09,297.73,85,100,3.13,US,1710278629
206,andrushivka,50.0229,29.0202,273.42,98,100,6.39,UA,1710278629
207,karpinsk,59.7654,60.0085,249.17,100,53,1.45,RU,1710278629
208,severo-yeniseyskiy,60.3725,93.0408,251.25,100,89,1.34,RU,1710278629
209,pauini,-7.7136,-66.9764,300.12,92,100,1.21,BR,1710278629
210,grand island,40.925,-98.342,294.12,21,0,3.6,US,1710278630
211,orange farm,-26.4833,27.8667,296.54,26,100,2.62,ZA,1710278630
212,nelson bay,-32.7167,152.15,293.15,96,95,1.34,AU,1710278630
213,sydney mines,46.2367,-60.2177,275.94,89,100,4.12,CA,1710278630
214,muzayri',46.2367,-60.2177,275.94,89,100,4.12,CA,1710278630
215,kostomuksha,64.571,30.5767,265.39,96,98,2.24,RU,1710278631
216,road town,18.4167,-64.6167,301.2,65,20,2.57,VG,1710278631
217,keflavik,64.0049,-22.5624,277.39,87,75,4.63,IS,1710278622
218,caribou,46.8606,-68.012,274.39,79,100,10.28,US,1710278631
219,floro,61.5996,5.0328,277.19,93,100,4.12,NO,1710278631
220,ginir,7.1333,40.7,291.2,50,1,1.02,ET,1710278632
221,bandar-e genaveh,29.5791,50.517,292.05,56,0,4.88,IR,1710278508
222,ahau,29.5791,50.517,292.05,56,0,4.88,IR,1710278508
223,lembar,29.5791,50.517,292.05,56,0,4.88,IR,1710278508
224,gobabis,-22.45,18.9667,297.79,41,94,2.99,NA,1710278633
225,outeiro de rei,43.102,-7.615,280.76,93,85,0.46,ES,1710278633
226,puerto san carlos,43.102,-7.615,280.76,93,85,0.46,ES,1710278633
227,salinas,36.6777,-121.6555,290.38,78,100,5.66,US,1710278633
228,nemuro,43.3236,145.575,270.58,81,100,14.73,JP,1710278633
229,portsmouth,50.799,-1.0913,285.45,95,100,3.13,GB,1710278576
230,anavyssos,37.7333,23.95,287.7,70,19,6.68,GR,1710278633
231,vohipaho,37.7333,23.95,287.7,70,19,6.68,GR,1710278633
232,hoemul-li,41.4339,129.67,274.46,53,31,2.02,KP,1710278634
233,kununurra,-15.7667,128.7333,299.14,94,40,1.54,AU,1710278634
234,porto de moz,-1.7483,-52.2383,301.5,81,52,1.76,BR,1710278635
235,dudinka,69.4058,86.1778,252.38,97,100,9.83,RU,1710278635
236,dhuusamarreeb,5.535,46.3861,299.77,76,6,6.06,SO,1710278635
237,arkhangel'sk,64.5401,40.5433,273.22,69,100,5.0,RU,1710278635
238,westerronfeld,54.2833,9.65,281.12,98,100,1.66,DE,1710278636
239,yelizovo,53.1873,158.3805,263.23,62,0,2.0,RU,1710278637
240,gogrial,8.5332,28.1004,305.99,21,46,1.95,SS,1710278637
241,pindorama,-21.1858,-48.9072,303.76,51,91,2.53,BR,1710278637
242,hudiksvall,61.729,17.1036,268.79,98,66,1.69,SE,1710278637
243,salalah,17.0151,54.0924,300.2,83,40,1.54,OM,1710278457
244,kuchaiburi,22.2667,86.1667,296.54,33,0,0.65,IN,1710278638
245,marsaskala,22.2667,86.1667,296.54,33,0,0.65,IN,1710278638
246,port lincoln,-34.7333,135.8667,292.51,84,100,6.25,AU,1710278638
247,kulia village,-34.7333,135.8667,292.51,84,100,6.25,AU,1710278638
248,tchintabaraden,15.8969,5.7985,304.67,11,19,4.85,NE,1710278638
249,sisimiut,66.9395,-53.6735,264.21,93,100,2.61,GL,1710278638
250,magadan,59.5667,150.8,262.51,79,100,1.41,RU,1710278434
251,strezhevoy,60.7333,77.5889,251.31,100,95,2.3,RU,1710278639
252,ta`u,-14.2336,-169.5144,301.72,79,70,4.37,AS,1710278639
253,masvingo,-20.0637,30.8277,290.86,82,13,1.08,ZW,1710278639
254,indramayu,-6.3264,108.32,298.84,87,100,5.99,ID,1710278639
255,labrador city,52.9463,-66.9114,271.1,68,100,7.72,CA,1710278639
256,myeik,12.4333,98.6,298.57,74,35,1.76,MM,1710278639
257,vilyuysk,63.7553,121.6247,250.37,100,99,1.34,RU,1710278640
258,soligalich,59.0778,42.2864,272.42,96,100,2.51,RU,1710278640
259,huanan,46.2167,130.5167,263.16,97,92,1.3,CN,1710278640
260,bobo-dioulasso,11.1771,-4.2979,306.84,9,84,2.19,BF,1710278640
261,crockett,31.3182,-95.4566,297.14,60,75,4.12,US,1710278640
262,kulhudhuffushi,6.6221,73.07,300.82,75,34,1.51,MV,1710278641
263,doaba,33.4244,70.7364,288.52,44,100,1.1,PK,1710278641
264,boa vista,2.8197,-60.6733,306.14,46,78,6.17,BR,1710278641
265,tolanaro,-25.0319,46.9987,300.19,83,20,6.17,MG,1710278641
266,ouadda,8.0777,22.4007,302.7,24,91,1.32,CF,1710278641
267,rajgarh,28.6333,75.3833,294.35,31,0,2.74,IN,1710278641
268,porto novo,6.4965,2.6036,303.05,83,97,3.39,BJ,1710278424
269,yangor,6.4965,2.6036,303.05,83,97,3.39,BJ,1710278424
270,kihancha,-1.1838,34.6262,292.53,63,82,2.89,KE,1710278642
271,colesberg,-30.72,25.0972,297.2,35,70,4.18,ZA,1710278642
272,bolobo,-2.1667,16.2333,299.26,64,44,0.57,CD,1710278643
273,'ohonua,-2.1667,16.2333,299.26,64,44,0.57,CD,1710278643
274,tafuna,-14.3358,-170.72,301.12,89,75,0.0,AS,1710278643
275,prieska,-29.6641,22.7474,299.03,13,7,3.96,ZA,1710278643
276,tual,-5.6667,132.75,301.92,79,100,9.24,ID,1710278643
277,taiobeiras,-15.8078,-42.2331,296.36,86,93,2.15,BR,1710278644
278,klyuchi,52.2667,79.1667,261.9,95,89,4.58,RU,1710278644
279,utrik,11.2278,169.8474,300.0,75,100,10.54,MH,1710278644
280,buala,-8.145,159.5921,301.06,84,96,1.06,SB,1710278644
281,sinop,41.7711,34.8709,284.5,54,100,3.85,TR,1710278644
282,pariaman,-0.619,100.12,296.18,85,88,1.36,ID,1710278645
283,am djarass,-0.619,100.12,296.18,85,88,1.36,ID,1710278645
284,hailey,43.5196,-114.3153,278.04,76,100,2.06,US,1710278645
285,wynyard,-41.0,145.7167,286.51,89,100,3.86,AU,1710278645
286,juan l. lacaze,-34.4333,-57.4167,293.22,84,45,5.73,UY,1710278645
287,kerikeri,-35.2268,173.9474,295.32,88,100,2.38,NZ,1710278645
288,piti village,13.4626,144.6933,299.64,88,20,3.6,GU,1710278645
289,villa la angostura,-40.7617,-71.6463,285.75,71,79,4.75,AR,1710278646
290,shetpe,44.1667,52.1167,270.87,66,0,1.07,KZ,1710278646
291,sevastopol,44.6,33.5333,281.48,54,100,2.85,UA,1710278473
292,polyarnyy,69.1989,33.4478,267.14,75,98,6.67,RU,1710278646
293,santa luzia,-19.7697,-43.8514,300.75,73,20,4.63,BR,1710278647
294,jeremoabo,-10.075,-38.4808,304.77,37,93,3.37,BR,1710278647
295,powell,40.1578,-83.0752,292.62,34,99,1.79,US,1710278647
296,kristiansund,63.1115,7.732,276.51,60,0,3.09,NO,1710278647
297,ujae,8.9322,165.7642,300.2,83,100,11.28,MH,1710278647
298,petropavlovsk-kamchatsky,53.0452,158.6483,262.48,92,0,6.71,RU,1710278647
299,tha khanon,9.0302,98.9529,296.62,89,25,0.43,TH,1710278648
300,tiassale,5.8983,-4.8283,300.84,80,100,2.0,CI,1710278648
301,fairbanks,64.8378,-147.7164,259.16,60,75,1.54,US,1710278538
302,port moresby,-9.4431,147.1797,299.27,80,100,4.83,PG,1710278561
303,balasore,21.4942,86.9317,297.42,91,0,2.56,IN,1710278648
304,mwene-ditu,-7.0,23.45,293.31,95,44,1.58,CD,1710278648
305,kontiolahti,62.7602,29.8471,265.12,93,0,1.54,FI,1710278649
306,kitimat,54.0524,-128.6534,281.36,82,96,2.24,CA,1710278649
307,lompoc,34.6391,-120.4579,295.38,65,40,7.72,US,1710278649
308,columbus,39.9612,-82.9988,292.91,31,75,7.72,US,1710278649
309,motygino,58.1831,94.7592,256.92,99,100,0.89,RU,1710278649
310,kisangani,0.5167,25.2,298.88,67,36,1.26,CD,1710278649
311,taoudenni,22.6783,-3.9836,302.07,12,98,3.39,ML,1710278650
312,albesti,47.7,27.0667,279.29,91,100,4.82,RO,1710278650
313,celso ramos,-27.6344,-51.3364,297.27,75,1,1.4,BR,1710278650
314,al bawiti,28.3492,28.8659,289.75,32,0,2.23,EG,1710278651
315,uturoa,-16.7333,-151.4333,302.03,78,28,5.4,PF,1710278651
316,galashiels,55.6146,-2.807,282.89,97,100,3.41,GB,1710278651
317,gaalkacyo,6.7697,47.4308,297.75,80,1,6.27,SO,1710278652
318,marksville,31.128,-92.0662,297.07,58,98,4.47,US,1710278652
319,saint-joseph,-21.3667,55.6167,298.36,78,21,5.69,RE,1710278652
320,salinopolis,-0.6136,-47.3561,300.66,83,54,4.43,BR,1710278652
321,carnarvon,-24.8667,113.6333,298.54,81,86,6.15,AU,1710278652
322,timbuktu,16.7735,-3.0074,302.81,12,66,4.86,ML,1710278653
323,cidreira,-30.1811,-50.2056,296.73,79,11,7.27,BR,1710278445
324,gambiran satu,-8.3939,114.1464,296.35,94,100,1.34,ID,1710278653
325,sandnessjoen,66.0217,12.6316,272.27,59,0,4.12,NO,1710278653
326,gadzhiyevo,69.2551,33.3362,267.0,74,100,7.05,RU,1710278653
327,kousseri,12.0769,15.0306,307.13,10,100,3.6,CM,1710278653
328,bhag,29.0415,67.8239,294.28,53,75,4.23,PK,1710278654
329,castillos,-34.1667,-53.8333,295.19,85,100,5.46,UY,1710278654
330,weno,7.4515,151.8468,301.12,78,100,4.12,FM,1710278654
331,katsuura,35.1333,140.3,281.91,66,100,7.98,JP,1710278654
332,grants,35.1473,-107.8514,290.28,14,0,6.17,US,1710278654
333,amahai,-3.3333,128.9167,299.32,86,95,2.53,ID,1710278654
334,san antonio de pale,-1.4014,5.6325,302.16,79,100,3.43,GQ,1710278656
335,turbat,26.0023,63.044,295.17,64,0,2.18,PK,1710278656
336,la'ie,21.6477,-157.9253,300.13,72,81,4.02,US,1710278656
337,mega,4.05,38.3,293.78,39,25,5.08,ET,1710278656
338,umluj,25.0213,37.2685,298.4,39,9,2.74,SA,1710278656
339,lihue,21.9789,-159.3672,299.73,79,75,6.17,US,1710278656
340,zuunmod,47.7069,106.9528,258.72,89,4,0.41,MN,1710278657
341,alamogordo,32.8995,-105.9603,294.94,12,0,4.63,US,1710278657
342,betio village,1.358,172.9211,301.17,85,100,7.36,KI,1710278363
343,kungalv,57.871,11.9805,277.1,85,100,1.23,SE,1710278367
344,zouerate,22.7187,-12.4521,296.65,21,0,3.06,MR,1710278657
345,new norfolk,-42.7826,147.0587,285.21,85,44,0.49,AU,1710278657
346,jala,21.0833,-104.4333,305.0,15,63,3.71,MX,1710278658
347,rongelap,11.1635,166.8941,299.72,79,100,10.3,MH,1710278658
348,griffith,41.5284,-87.4237,295.4,37,0,11.83,US,1710278658
349,chayan,43.0297,69.3772,276.29,81,100,3.24,KZ,1710278658
350,icano,-28.9193,-65.3282,311.39,35,0,7.67,AR,1710278658
351,sil-li,39.4947,125.4736,274.19,60,45,1.01,KP,1710278659
352,khandyga,62.6667,135.6,247.0,95,99,1.51,RU,1710278659
353,quellon,-43.1167,-73.6167,288.26,66,92,4.26,CL,1710278659
354,nuku'alofa,-21.1333,-175.2,301.34,83,75,4.63,TO,1710278659
355,al fashn,28.8243,30.8995,291.76,27,0,3.27,EG,1710278659
356,nema,57.5067,50.5011,254.74,100,81,1.49,RU,1710278660
357,bengkulu,-3.8004,102.2655,297.12,94,100,2.26,ID,1710278660
358,nova vicosa,-17.8919,-39.3719,299.73,86,28,3.78,BR,1710278660
359,palikir - national government center,6.9248,158.1611,300.62,83,100,7.72,FM,1710278660
360,greymouth,-42.4667,171.2,287.79,94,99,2.82,NZ,1710278661
361,moyale,3.5167,39.0584,298.09,36,4,2.69,KE,1710278661
362,kyzyl-mazhalyk,51.1333,90.6,263.1,94,100,0.45,RU,1710278661
363,flying fish cove,-10.4217,105.6791,298.97,88,75,6.17,CX,1710278661
364,sidirokastro,41.2347,23.3867,282.21,80,100,2.4,GR,1710278661
365,laojunmiao,39.8333,97.7333,273.65,31,0,2.97,CN,1710278662
366,aasiaat,68.7098,-52.8699,259.85,92,100,0.6,GL,1710278600
367,toga village,68.7098,-52.8699,259.85,92,100,0.6,GL,1710278600
368,launceston,-41.45,147.1667,286.12,76,100,3.6,AU,1710278662
369,neuves-maisons,48.6203,6.107,281.7,95,100,6.69,FR,1710278662
370,tynda,55.1667,124.7167,251.93,99,79,1.1,RU,1710278662
371,suva,-18.1416,178.4415,298.86,94,75,2.57,FJ,1710278663
372,sabang,5.8933,95.3214,300.58,71,65,2.86,ID,1710278663
373,bahia blanca,-38.7196,-62.2724,302.9,20,0,6.23,AR,1710278663
374,mejit,10.2753,170.8646,299.63,83,99,11.61,MH,1710278663
375,bathurst city centre,10.2753,170.8646,299.63,83,99,11.61,MH,1710278663
376,vingt cinq,10.2753,170.8646,299.63,83,99,11.61,MH,1710278663
377,howard springs,-12.497,131.047,298.1,96,100,0.98,AU,1710278663
378,hami,42.8,93.45,280.5,31,0,2.05,CN,1710278664
379,karratha,-20.7377,116.8463,299.75,70,61,2.82,AU,1710278664
380,dubbo,-32.25,148.6167,293.22,64,88,2.57,AU,1710278664
381,fuvahmulah,-32.25,148.6167,293.22,64,88,2.57,AU,1710278664
382,joshimath,30.5667,79.5667,278.73,47,0,3.84,IN,1710278664
383,talara,-4.5772,-81.2719,304.57,55,0,5.14,PE,1710278664
384,ghanzi,-21.5667,21.7833,297.58,28,34,3.46,BW,1710278665
385,okha,53.5739,142.9478,249.27,100,96,1.94,RU,1710278665
386,broken hill,-31.95,141.4333,299.01,29,59,2.18,AU,1710278462
387,paita,-5.0892,-81.1144,299.48,68,47,6.97,PE,1710278665
388,vylkove,45.4021,29.586,281.69,89,100,8.65,UA,1710278665
389,kiunga,-6.1219,141.2906,296.52,99,100,1.05,PG,1710278665
390,shumikha,55.2261,63.2961,253.29,100,94,1.74,RU,1710278666
391,fada,9.5667,8.3,299.94,50,100,0.84,NG,1710278666
392,vozdvizhenka,43.9,131.95,268.63,72,15,1.16,RU,1710278666
393,sake,-1.5736,29.045,291.34,90,95,0.7,CD,1710278666
394,akureyri,65.6835,-18.0878,275.11,87,75,0.0,IS,1710278666
395,banda aceh,5.5577,95.3222,298.58,78,58,2.55,ID,1710278667
396,maturin,9.75,-63.1767,306.6,36,76,6.73,VE,1710278667
397,korla,41.7597,86.1469,280.93,40,0,1.14,CN,1710278667
398,goure,13.9835,10.2704,302.74,10,7,4.18,NE,1710278667
399,sokur,55.2093,83.319,263.35,96,100,3.17,RU,1710278667
400,saint-georges,12.0564,-61.7485,302.97,70,20,7.2,GD,1710278667
401,tsiolkovskiy,12.0564,-61.7485,302.97,70,20,7.2,GD,1710278667
402,chonchi,-42.6128,-73.8092,288.77,62,66,3.41,CL,1710278668
403,natal,-5.795,-35.2094,302.51,79,20,3.6,BR,1710278668
404,ankang,32.68,109.0172,285.76,57,100,0.48,CN,1710278477
405,hadibu,12.65,54.0333,299.08,80,10,3.1,YE,1710278397
406,labuan,5.2767,115.2417,299.35,83,20,2.57,MY,1710278668
407,pawni,20.7833,79.6333,300.37,27,1,2.67,IN,1710278668
408,awjilah,29.1081,21.2869,292.14,33,16,6.68,LY,1710278669
409,egilsstadir,65.2653,-14.3948,277.1,75,75,6.17,IS,1710278669
410,vorgashor,67.5833,63.95,261.34,93,100,12.09,RU,1710278669
411,qamdo,31.1667,97.2333,269.48,56,99,1.18,CN,1710278669
412,salmon arm,50.6998,-119.3024,284.77,54,95,1.54,CA,1710278670
413,roma,43.2128,-75.4557,286.53,42,0,7.72,US,1710278670
414,cananeia,-25.0147,-47.9267,298.13,71,96,3.35,BR,1710278670
415,wakkanai,45.4094,141.6739,269.87,59,9,5.36,JP,1710278670
416,spittal an der drau,46.8,13.5,280.43,87,84,2.06,AT,1710278670
417,shinyanga,-3.6667,33.4333,294.77,72,83,0.64,TZ,1710278670
418,kapuskasing,49.4169,-82.4331,283.2,37,75,2.57,CA,1710278671
419,tanki leendert,49.4169,-82.4331,283.2,37,75,2.57,CA,1710278671
420,pingxiang,27.6167,113.85,287.81,79,100,2.1,CN,1710278671
421,brokopondo,4.75,-55.1667,303.74,63,17,3.65,SR,1710278671
422,raytown,39.0086,-94.4636,297.14,48,0,7.2,US,1710278671
423,huilong,31.8111,121.655,277.32,60,100,0.66,CN,1710278671
424,jalqani,12.4486,34.2186,305.47,12,86,3.74,SD,1710278671
425,ghadamis,30.1337,9.5007,290.12,28,0,3.07,LY,1710278672
426,panacan,9.2463,118.4082,297.45,85,59,1.77,PH,1710278672
427,pontes e lacerda,-15.2261,-59.3353,305.23,61,98,0.72,BR,1710278672
428,kirkwood,38.5834,-90.4068,297.43,34,75,4.63,US,1710278491
429,richard-toll,16.4625,-15.7008,297.61,26,95,6.38,SN,1710278672
430,acajutla,13.5928,-89.8275,304.05,61,0,4.06,SV,1710278672
431,lautoka,-17.6167,177.4667,299.07,94,100,3.09,FJ,1710278672
432,gunjur,13.2019,-16.7339,298.19,53,0,4.63,GM,1710278673
433,sao joao da barra,-21.6403,-41.0511,299.2,80,24,5.16,BR,1710278673
434,ixtapa,20.7,-105.2,299.72,65,40,7.2,MX,1710278673
435,fallsburg,41.732,-74.6013,288.61,41,12,4.75,US,1710278673
436,matane,48.8286,-67.522,274.2,96,100,4.85,CA,1710278673
437,barabai,-2.5833,115.3833,297.03,99,100,0.97,ID,1710278673
438,luwuk,-0.9516,122.7875,299.21,82,100,1.63,ID,1710278674
439,maddela,16.3414,121.6849,294.23,99,100,1.48,PH,1710278674
440,yulinshi,38.2906,109.7494,277.59,27,100,2.0,CN,1710278674
441,dalandzadgad,43.5708,104.425,273.1,44,0,1.59,MN,1710278674
442,qingnian,36.8456,115.7117,281.19,38,100,4.97,CN,1710278674
443,hinton,53.4001,-117.5857,278.64,67,14,1.94,CA,1710278674
444,mengcheng chengguanzhen,33.2661,116.566,279.74,65,100,3.32,CN,1710278675
445,pacific grove,36.6177,-121.9166,289.3,79,75,5.66,US,1710278675
446,berdigestyakh,62.0989,126.6992,255.24,100,98,1.71,RU,1710278675
447,svetlyy,54.675,20.1347,276.5,95,100,2.41,RU,1710278675
448,dryden,49.7833,-92.7503,283.31,53,0,6.69,CA,1710278675
449,port augusta,-32.5,137.7667,299.62,34,100,0.63,AU,1710278675
450,badger,64.8,-147.5333,259.1,61,75,1.54,US,1710278676
451,atar,20.5169,-13.0499,298.28,14,2,3.2,MR,1710278676
452,bridgewater,44.3835,-64.5155,275.19,91,100,8.23,CA,1710278676
453,ambalangoda,6.2355,80.0538,298.0,84,56,2.5,LK,1710278676
454,al hawatah,13.4167,34.6333,305.75,13,98,4.24,SD,1710278676
455,naperville,41.7859,-88.1473,295.09,35,0,8.23,US,1710278676
456,sinabang,2.4803,96.3801,299.87,76,83,1.04,ID,1710278676
457,acapulco de juarez,16.8634,-99.8901,306.05,40,0,6.17,MX,1710278501
458,sofifi,16.8634,-99.8901,306.05,40,0,6.17,MX,1710278501
459,mont-tremblant,46.1949,-74.6264,278.92,26,1,1.03,CA,1710278677
460,chakari,-18.0629,29.8925,295.02,57,59,1.02,ZW,1710278677
461,sheki,41.1919,47.1706,276.03,58,7,1.53,AZ,1710278501
462,southlake,32.9412,-97.1342,298.2,61,75,10.29,US,1710278677
463,kuqa,41.7278,82.9364,280.75,30,23,1.24,CN,1710278678
464,ola,59.5833,151.2833,263.04,81,100,2.09,RU,1710278678
465,esperanza,19.5847,-70.9849,304.47,68,1,2.68,DO,1710278678
466,bokhtar,19.5847,-70.9849,304.47,68,1,2.68,DO,1710278678
467,lamu,-2.2717,40.902,301.32,75,27,4.28,KE,1710278678
468,lupane,-18.9315,27.807,298.6,41,95,2.51,ZW,1710278678
469,kudahuvadhoo,2.6708,72.8944,300.87,70,32,2.38,MV,1710278679
470,tidjikja,18.5564,-11.4271,299.75,12,100,4.27,MR,1710278679
471,yerofey pavlovich,53.9667,121.9667,265.09,97,100,1.06,RU,1710278679
472,fort bragg,35.139,-79.006,296.59,20,0,6.17,US,1710278679
473,bonny,4.4522,7.1681,302.09,81,100,4.5,NG,1710278679
474,wendouree,-37.55,143.8333,286.74,90,100,0.89,AU,1710278679
475,franklin,39.9667,-83.0166,292.97,31,75,7.72,US,1710278680
476,soio,-6.1349,12.3689,301.23,87,98,2.11,AO,1710278623
477,belyy yar,53.6039,91.3903,272.09,86,0,2.0,RU,1710278680
478,kirensk,57.7853,108.1119,265.35,94,95,2.68,RU,1710278680
479,letlhakane,-21.4167,25.5833,296.3,34,27,3.54,BW,1710278454
480,rivne,50.6231,26.2274,275.41,97,100,5.99,UA,1710278680
481,remire-montjoly,4.9167,-52.2667,302.17,79,75,6.17,GF,1710278566
482,novodvinsk,64.4165,40.8122,273.03,93,100,3.76,RU,1710278681
483,alice springs,-23.7,133.8833,295.9,49,1,2.57,AU,1710278681
484,ceeldheer,3.8488,47.1806,301.2,80,14,6.14,SO,1710278681
485,volkhov,59.9258,32.3382,269.24,91,100,1.95,RU,1710278448
486,homer,59.6425,-151.5483,273.08,82,75,1.79,US,1710278681
487,pasuquin,18.3328,120.6177,294.12,83,20,1.03,PH,1710278682
488,kailua-kona,19.6406,-155.9956,300.65,75,100,3.09,US,1710278682
489,camana,-16.6228,-72.7111,296.69,80,78,2.96,PE,1710278682
490,taman rajawali,-16.6228,-72.7111,296.69,80,78,2.96,PE,1710278682
491,yigo village,13.5361,144.8886,298.77,87,0,4.63,GU,1710278682
492,raja,8.4596,25.678,304.76,24,94,0.98,SS,1710278683
493,minas de marcona,-15.2119,-75.1103,295.26,65,46,7.29,PE,1710278683
494,nadi,-17.8,177.4167,299.15,94,100,3.09,FJ,1710278683
495,meadow lake,34.8014,-106.5436,294.17,17,52,4.99,US,1710278683
496,ko pha ngan,9.7578,100.0291,298.71,69,100,4.02,TH,1710278683
497,monopoli,40.9559,17.2896,284.24,76,58,5.65,IT,1710278472
498,kuressaare,58.2481,22.5039,275.38,89,100,2.06,EE,1710278684
499,yaren,-0.5472,166.916,301.39,81,100,4.72,NR,1710278684
500,qui nhon,13.7667,109.2333,295.17,92,99,2.64,VN,1710278685
501,thurso,58.5927,-3.5259,279.29,94,100,8.65,GB,1710278685
502,santo antonio,-6.3106,-35.4789,300.22,82,99,3.52,BR,1710278686
503,nyurba,63.2842,118.3319,249.5,100,100,0.97,RU,1710278639
504,bukoba,-1.3317,31.8122,294.36,75,88,2.96,TZ,1710278421
505,singaraja,-8.112,115.0882,300.49,86,100,5.45,ID,1710278686
506,quimili,-27.6333,-62.4167,315.82,22,0,7.82,AR,1710278686
507,guerrero negro,27.9769,-114.0611,291.65,64,1,9.64,MX,1710278686
508,zaragoza,41.6561,-0.8773,287.05,59,0,3.6,ES,1710278648
509,ashburton,-37.8626,145.0794,290.89,84,100,0.25,AU,1710278687
510,hailar,49.2,119.7,260.87,99,100,1.88,CN,1710278687
511,loudeac,48.1783,-2.7543,284.11,98,100,4.15,FR,1710278538
512,aguas vermelhas,-15.7472,-41.46,295.79,93,91,2.17,BR,1710278687
513,yanta,36.2411,115.6672,280.76,40,100,4.22,CN,1710278687
514,colonia,50.9333,6.95,281.46,88,40,3.6,DE,1710278412
515,galich,58.3797,42.3475,272.55,97,100,2.29,RU,1710278688
516,washington,47.5001,-120.5015,284.58,47,70,2.69,US,1710278688
517,namibe,-15.1961,12.1522,299.08,70,52,4.22,AO,1710278688
518,garoowe,8.4054,48.4845,296.17,80,4,5.77,SO,1710278688
519,nogliki,51.8333,143.1667,253.34,100,63,2.24,RU,1710278472
520,saratamata,51.8333,143.1667,253.34,100,63,2.24,RU,1710278472
521,bentiu,9.2333,29.8333,305.31,21,53,2.2,SS,1710278419
522,chulakkurgan,43.765,69.1814,274.47,78,100,3.03,KZ,1710278689
523,igarka,67.4667,86.5833,247.47,100,100,5.12,RU,1710278689
524,fortaleza,-3.7227,-38.5247,302.71,79,75,2.57,BR,1710278689
525,doka,13.5167,35.7667,304.86,12,99,4.72,SD,1710278690
526,namie,37.4833,141.0,278.14,70,100,10.18,JP,1710278690
527,bonthe,7.5264,-12.505,299.87,81,100,2.6,SL,1710278690
528,malango,-2.9627,119.9001,294.02,99,100,1.13,ID,1710278690
529,hayma',-2.9627,119.9001,294.02,99,100,1.13,ID,1710278690
530,tapes,-30.6733,-51.3958,299.12,72,29,5.7,BR,1710278690
531,mosjoen,65.836,13.1908,272.27,79,0,0.0,NO,1710278691
532,soto la marina,23.7667,-98.2167,305.61,39,64,8.14,MX,1710278691
533,boyolangu,-8.1181,111.8935,297.42,92,100,2.91,ID,1710278691
534,morrope,-6.5417,-80.0111,300.21,56,98,7.05,PE,1710278691
535,bogandinskiy,56.8937,65.8938,258.3,99,78,1.82,RU,1710278691
536,ubari,26.5921,12.7805,293.48,23,14,3.97,LY,1710278691
537,hun,29.1268,15.9477,291.2,36,8,4.34,LY,1710278692
538,vila velha,-20.3297,-40.2925,300.12,81,75,3.58,BR,1710278692
539,kill devil hills,36.0307,-75.676,294.15,34,0,1.54,US,1710278692
540,cockburn town,21.4612,-71.1419,297.76,77,56,6.89,TC,1710278692
541,uga,5.9358,7.0793,300.74,77,99,2.75,NG,1710278693
542,kourou,5.1552,-52.6478,302.18,88,89,3.79,GF,1710278693
543,nova sintra,14.8667,-24.7167,293.13,76,52,8.21,CV,1710278693
544,kuala terengganu,5.3302,103.1408,298.12,94,20,0.0,MY,1710278693
545,baijiantan,45.6333,85.1833,271.8,89,99,2.51,CN,1710278693
546,christchurch,-43.5333,172.6333,287.77,62,100,5.14,NZ,1710278430
547,fuxin,42.0156,121.6589,274.78,37,82,1.84,CN,1710278693
548,nadym,65.5333,72.5167,252.91,93,82,7.93,RU,1710278583
549,harstad,68.799,16.5293,274.71,96,97,1.79,NO,1710278694
550,hurricane,37.1753,-113.2899,288.34,50,100,4.92,US,1710278694
551,miyaly,48.8844,53.7836,268.22,95,93,2.74,KZ,1710278694
552,batticaloa,7.7102,81.6924,298.61,76,100,0.32,LK,1710278694
553,punta cana,18.5818,-68.4043,302.02,58,20,4.12,DO,1710278407
554,gaoual,11.75,-13.2,305.77,16,9,1.09,GN,1710278695
555,fort mcmurray,56.7268,-111.381,274.92,55,0,4.63,CA,1710278695
556,fisterra,42.9049,-9.2629,283.57,81,22,3.58,ES,1710278695
557,swakopmund,-22.6833,14.5333,293.62,86,78,3.42,NA,1710278695
558,lazaro cardenas,17.9583,-102.2,302.99,51,59,6.19,MX,1710278696
559,naze,28.3667,129.4833,286.66,53,47,9.25,JP,1710278696
560,plaza huincul,-38.926,-69.2086,298.79,10,0,4.92,AR,1710278696
561,padang,-0.9492,100.3543,296.18,84,60,1.69,ID,1710278512
562,waiuku,-37.25,174.75,293.89,94,100,3.05,NZ,1710278696
563,el porvenir,13.7617,-87.3458,306.78,17,8,5.04,HN,1710278696
564,tetyushi,54.9382,48.8366,263.59,97,85,2.84,RU,1710278660
565,hotan,37.0997,79.9269,281.09,32,1,1.75,CN,1710278697
566,malkerns,-26.5667,31.1833,293.31,90,100,1.35,SZ,1710278697
567,semibratovo,57.3046,39.5369,273.12,93,100,2.67,RU,1710278697
568,ocean city,39.2776,-74.5746,292.69,41,10,5.25,US,1710278697
569,zhangjiakou,40.81,114.8794,275.01,40,3,1.79,CN,1710278525
570,soe,-9.8607,124.284,293.5,97,100,3.28,ID,1710278698
571,baoshan,46.5586,131.4244,265.14,96,92,1.53,CN,1710278698
572,villa regina,-39.1,-67.0667,302.03,15,0,3.13,AR,1710278698
573,kone,-21.0595,164.8658,299.75,86,91,2.02,NC,1710278698
574,geraldton,-28.7667,114.6,292.38,94,0,3.09,AU,1710278698
575,ballenger creek,39.3726,-77.4353,296.18,32,0,5.14,US,1710278698
576,veraval,20.9,70.3667,295.56,57,6,5.93,IN,1710278699
577,alajarvi,63.0,23.8167,267.79,96,100,2.16,FI,1710278699
578,prince rupert,54.3161,-130.3201,281.2,66,100,11.83,CA,1710278699
579,solnechnyy,50.7214,136.6319,252.61,94,27,1.43,RU,1710278699
580,boucau,43.5277,-1.4656,284.33,87,93,2.57,FR,1710278699
581,zemio,5.0314,25.1361,300.64,49,94,1.04,CF,1710278700
582,playa vicente,17.8333,-95.8167,306.28,42,4,1.83,MX,1710278700
583,marhaura,25.9667,84.8667,297.11,31,0,3.37,IN,1710278700
584,inari,68.906,27.0288,267.26,92,100,1.66,FI,1710278700
585,ikwiriri,-7.9562,38.9716,297.26,91,8,1.12,TZ,1710278700
586,page,36.9147,-111.4558,287.65,26,100,12.52,US,1710278700
587,saint-pierre,-21.3393,55.4781,298.97,73,13,8.75,RE,1710278525
588,st. john's,47.5649,-52.7093,276.57,90,75,2.06,CA,1710278701
589,kuta,-8.7233,115.1723,301.12,78,20,3.13,ID,1710278701
590,mikuni,36.2171,136.1519,279.1,69,88,9.07,JP,1710278701
591,brisas de zicatela,15.8369,-97.0419,303.44,74,0,4.12,MX,1710278702
592,plastun,44.7561,136.2939,266.15,65,1,2.87,RU,1710278533
593,usinsk,65.9939,57.5281,262.08,94,100,10.73,RU,1710278549
594,arteche,12.2645,125.4048,298.04,72,100,3.34,PH,1710278702
595,calabozo,8.9242,-67.4293,311.45,24,91,3.27,VE,1710278553
596,san pedro pochutla,15.7333,-96.4667,304.99,53,15,3.94,MX,1710278702
597,sault ste. marie,46.5168,-84.3333,284.46,50,0,6.69,CA,1710278664
